gender;shopping_minutes
F;28.53954607
F;11.56371287
M;23.80579938
F;21.98461136
F;36.48567683
F;13.60917229
F;30.91301836
F;26.8033307
M;20.05834755
F;37.96772678
F;28.57816349
M;21.88367061
F;20.93938906
F;34.65356911
F;33.646517
F;14.68492945
